--No hay muchos trámites, porque la idea es que eso se llene a partir de una página que le hicimos y enviar el formulario.

INSERT INTO Secciones (nomSec, descSec) VALUES
('Registro Civil', 'Trámites relacionados con personas'),
('Registro del Automotor', 'Trámites relacionados con vehículos'),
('Registro de la Propiedad', 'Trámites relacionados con casas'),
('Registro de Reincidencia', 'Trámites relacionados con antecedentes penales'),
('Registro de Testamentos', 'Trámites relacionados con herencia'),
('Registro de Comercio', 'Trámites relacionados con negocios'),
('Registro de Adopciones', 'Trámites relacionados con adopción'),
('Registro de Instituciones', 'Trámites relacionados con las escuelas'),
('Registro de Títulos', 'Trámites relacionados con acreditaciones de carreras'),
('Registro de Armas', 'Trámites relacionados con portación de armas');

INSERT INTO TipoTramites (nomTipo, sec, descTipo) VALUES
('Partida de nacimiento', 1, 'Certificado de nacimiento'),
('Matrimonio', 1, 'Registrar un matrimonio legal'),
('Divorcio', 1, 'Actualizar como divorcio un matrimonio'),
('Defunción', 1, 'Registrar una muerte'),
('DNI', 1, 'Solicitar dni (por renovación o pérdida)'),
('Cambio de domicilio', 1, 'Actualizar lugar de domicilio'),
('Transferencia de vehículo', 2, 'Cambio de dueño de auto o moto'),
('Informe de dominio', 2, 'Documento con informacion histórica y legal del vehículo y su dueño'),
('Libre de patente', 2, 'Informe si vehículo posee deudas en el pago de patentes'),
('Libre de multa', 2, 'Informe si vehículo posee deudas en el pago de multas'),
('Escritura', 3, 'Cambio de dueño de casa o departamento'),
('Verificación catastral', 3, 'Documento con información histórica de la propiedad'),
('Certificado de dominio', 3, 'Certificado que acredite la titularidad de propiedad'),
('Verificación policial', 2, 'Verificación del vehículo ante robos'),
('Grabado de autopartes', 2, 'Sellado alfanumérico en cada parte del vehículo'),
('Certificado de antecedentes penales', 4, 'Documento que acredita si una persona posee antecedentes penales'),
('Actualización de antecedentes', 4, 'Solicitar corrección o actualización del registro penal'),
('Inscripción de testamento', 5, 'Registrar un testamento realizado en vida'),
('Revocación de testamento', 5, 'Anular o modificar un testamento anterior'),
('Inscripción de sociedad', 6, 'Registrar una nueva sociedad ante el registro público'),
('Modificación societaria', 6, 'Actualizar estatuto o estructura legal de una sociedad'),
('Inscripción de contrato de fideicomiso', 6, 'Registrar un contrato de fideicomiso comercial o financiero'),
('Presentación de balances', 6, 'Declaración y archivo anual de estados contables'),
('Inscripción en lista de adopción', 7, 'Registrar a una persona como aspirante a adopción'),
('Asignación de guarda con fines adoptivos', 7, 'Trámite judicial para asignar un menor a una familia temporalmente'),
('Inscripción de adopción definitiva', 7, 'Registrar la adopción legal de un menor'),
('Habilitación de institución educativa', 8, 'Registrar y autorizar el funcionamiento de una escuela privada'),
('Actualización de datos de institución', 8, 'Modificar información oficial de una institución educativa'),
('Baja de institución educativa', 8, 'Cerrar o dar de baja a una institución del registro oficial'),
('Inscripción de título universitario', 9, 'Registrar un título superior ante el organismo oficial'),
('Convalidación de título extranjero', 9, 'Habilitar un título extranjero para ser válido en el país'),
('Duplicado de título', 9, 'Solicitar copia oficial de título perdido o dañado'),
('Solicitud de tenencia de arma', 10, 'Trámite para obtener permiso de tenencia de un arma de fuego'),
('Renovación de portación', 10, 'Actualizar o renovar permiso para portar arma'),
('Transferencia de arma registrada', 10, 'Traspaso de propiedad de un arma a otra persona habilitada'),
('Baja de arma', 10, 'Dar de baja un arma del registro oficial');

INSERT INTO Clientes (dniCli, nomCli, nomCli2, apeCli, apeCli2, fecNacCli, sexo, calleCli, altCli, cpCli, locCli, telCli, emailCli, contCli) VALUES
('20173371', 'Rosa', NULL, 'Menéndez', NULL, '1979-11-06', 'F', 'Calfucurá', '1254', '1407', 'Villa del Parque', '1148345112', 'rosam@hotmail.com', 'rosa1234'),
('44477928', 'María', 'Sara', 'Nuñez', NULL, '1983-06-26', 'F', 'Lascano', '5192', '1407', 'Monte Castro', '1526067973', 'mariasara@gmail.com', 'sa4593'),
('32688405', 'Eve', NULL, 'Gómez', 'Rodríguez', '1997-03-05', 'F', 'Virgilio', '879', '1407', 'Vélez Sarsfield', '1180636324', 'evegomez@gmail.com', '123456'),
('41755844', 'Lucía', 'Belén', 'Fernández', NULL, '1988-02-19', 'F', 'Llavallol', '1723', '1407', 'Villa Devoto', '1542918876', 'luciafernandez@gmail.com', 'lucia88'),
('38844212', 'Matías', NULL, 'Pereyra', 'Ríos', '1993-07-08', 'M', 'Bahía Blanca', '2940', '1407', 'Monte Castro', '1157212304', 'matirios@hotmail.com', 'pereyra123'),
('30554187', 'Ana', NULL, 'Lina', NULL, '1975-05-13', 'F', 'José Cubas', '3405', '1419', 'Villa del Parque', '1147920044', 'analina@gmail.com', 'anita75'),
('42011479', 'Ignacio', 'Santiago', 'Bianchi', NULL, '1990-09-02', 'M', 'Pedro Lozano', '1522', '1419', 'Villa del Parque', '1539201205', 'nachobianchi@gmail.com', 'n4ch0Sg'),
('46215008', 'Martina', NULL, 'Costa', 'Morel', '1985-11-23', 'F', 'Marcos Paz', '2250', '1407', 'Monte Castro', '1162439345', 'marticosta@hotmail.com', 'martina85'),
('37844622', 'Alejandro', 'José', 'Cáceres', NULL, '1979-03-09', 'M', 'Segurola', '3901', '1407', 'Villa Devoto', '1524101049', 'alejosecaceres@gmail.com', '4lej79'),
('49821735', 'Camila', NULL, 'Sánchez', NULL, '2002-08-15', 'F', 'Lope de Vega', '1820', '1407', 'Villa Luro', '1177112344', 'camilasanchezz@gmail.com', 'camilu02'),
('21231455', 'Julián', NULL, 'Romero', 'Romero', '1968-12-22', 'M', 'Nogoyá', '3650', '1419', 'Villa del Parque', '1531132786', 'julianromero@hotmail.com', 'passrom22'),
('45980331', 'Florencia', 'Magalí', 'Peralta', NULL, '1994-01-30', 'F', 'Elpidio González', '1405', '1407', 'Monte Castro', '1164004002', 'florperalta@gmail.com', 'fmpg1994'),
('28672915', 'Tomás', NULL, 'Molina', NULL, '1982-06-04', 'M', 'Argerich', '2012', '1407', 'Villa Devoto', '1158021477', 'tomimolina@hotmail.com', 'molina82'),
('32315671', 'Celeste', NULL, 'Paredes', 'Suárez', '1987-10-17', 'F', 'Nazca', '2900', '1417', 'Villa del Parque', '1536487851', 'celesteparedes@gmail.com', 'parSu1987'),
('25479133', 'Diego', 'Andrés', 'Quiroga', NULL, '1991-09-11', 'M', 'Juan Agustín García', '4101', '1407', 'Monte Castro', '1148325543', 'diegoq@hotmail.com', 'quiro91'),
('30988644', 'Paula', NULL, 'González', NULL, '1973-04-20', 'F', 'Condarco', '3702', '1407', 'Villa del Parque', '1529304005', 'paulagg@gmail.com', 'paulita73'),
('39821158', 'Bruno', 'Leonel', 'Vega', NULL, '1996-02-28', 'M', 'Navarro', '1655', '1407', 'Vélez Sarsfield', '1169697775', 'brunovega@hotmail.com', 'vegabr96'),
('47114422', 'Malena', NULL, 'Acosta', NULL, '2000-10-03', 'F', 'Gualeguaychú', '1902', '1407', 'Villa Luro', '1540221003', 'malenitaacosta@gmail.com', 'aco2000'),
('41852001', 'Jazmín', 'Rocío', 'Silva', NULL, '1995-12-18', 'F', 'González Catan', '2901', '1417', 'Monte Castro', '1159847334', 'jazminsilva@gmail.com', 'silva95'),
('27744192', 'Esteban', NULL, 'Ojeda', NULL, '1984-07-29', 'M', 'Alcaraz', '3160', '1407', 'Villa del Parque', '1549221125', 'esteban.o@hotmail.com', 'est84oj'),
('35288977', 'Mariela', NULL, 'Villalba', 'Moreno', '1976-05-10', 'F', 'Segurola', '3500', '1407', 'Villa Devoto', '1134218887', 'mariemoreno@gmail.com', 'mvillal76'),
('46681209', 'Renzo', NULL, 'Pérez', 'Torres', '1999-03-12', 'M', 'Argerich', '1855', '1407', 'Villa del Parque', '1537119900', 'renzoperez@gmail.com', 'renz123'),
('23415771', 'Jimena', 'Laura', 'Soria', NULL, '1982-10-25', 'F', 'Juan Agustín García', '4321', '1407', 'Villa Luro', '1150908876', 'jimena.ls@hotmail.com', 'js82pass'),
('41536287', 'Benjamín', NULL, 'Acuña', 'López', '2001-07-01', 'M', 'Tinogasta', '3101', '1417', 'Monte Castro', '1530894455', 'benjaacuña@gmail.com', 'benja01'),
('34122851', 'Nicolás', 'Iván', 'Ruiz', NULL, '1990-02-05', 'M', 'Bahía Blanca', '1980', '1407', 'Monte Castro', '1164041100', 'nicoruiz@gmail.com', 'nico1990'),
('46013711', 'Noelia', NULL, 'Martínez', NULL, '1979-06-19', 'F', 'Simbrón', '2675', '1417', 'Villa Devoto', '1520743311', 'noemartinez@hotmail.com', 'nmart79'),
('22199445', 'Ariel', NULL, 'Vázquez', NULL, '1965-11-30', 'M', 'Concordia', '1540', '1417', 'Monte Castro', '1137104444', 'arielvazquez@gmail.com', 'ari65pass'),
('37815582', 'Leticia', 'Ana', 'Cáceres', 'Paz', '1993-08-21', 'F', 'Allende', '2233', '1407', 'Villa del Parque', '1521215556', 'letianapaz@gmail.com', 'leti93'),
('28400449', 'Federico', NULL, 'Serrano', NULL, '1986-03-03', 'M', 'Elpidio González', '1766', '1407', 'Vélez Sarsfield', '1145998808', 'fedeserrano@hotmail.com', 'serrano86'),
('31255774', 'Valeria', NULL, 'Leiva', NULL, '2000-01-01', 'F', 'Bufano', '1102', '1407', 'Villa Luro', '1544006677', 'valeleiva@gmail.com', 'val2000'),
('46569192', 'Federico', NULL, 'Pérez', NULL, '1959-02-17', 'M', 'Nazca', '4139', '1407', 'Villa Luro', '1568733564', 'federicopérez@gmail.com', 'fed60per'),
('40694328', 'Patricia', 'Andrés', 'Rodríguez', 'García', '1966-04-03', 'F', 'Segurola', '2606', '1405', 'Monte Castro', '1546114200', 'patriciarodríguez@gmail.com', 'pat20rod'),
('42275375', 'Cecilia', 'Andrés', 'Pérez', 'Álvarez', '1979-10-18', 'F', 'Bufano', '1413', '1407', 'Villa Luro', '1171495706', 'ceciliapérez@gmail.com', 'cec75per'),
('33084220', 'Natalia', 'Ezequiel', 'López', NULL, '1955-03-02', 'F', 'Bufano', '4429', '1419', 'Villa del Parque', '1535214741', 'natalialópez@gmail.com', 'nat16lóp'),
('47288574', 'Carlos', NULL, 'García', NULL, '1957-06-22', 'M', 'Gavilán', '2251', '1405', 'Vélez Sarsfield', '1556759147', 'carlosgarcía@gmail.com', 'car69gar'),
('39609981', 'Andrea', NULL, 'Martínez', NULL, '1988-06-04', 'F', 'Segurola', '2259', '1405', 'Villa Luro', '1524576907', 'andreamartínez@gmail.com', 'and42mar'),
('21179169', 'Marina', NULL, 'Romero', NULL, '1974-01-29', 'F', 'Argerich', '1836', '1419', 'Villa del Parque', '1157875913', 'marinaromero@gmail.com', 'mar30rom'),
('38784579', 'Sergio', 'Verónica', 'Pérez', NULL, '2004-08-12', 'M', 'Argerich', '1088', '1405', 'Villa del Parque', '1568744565', 'sergiopérez@gmail.com', 'ser96per'),
('36388024', 'Paula', 'Carla', 'Gómez', 'Álvarez', '1953-08-28', 'F', 'Lope de Vega', '1855', '1417', 'Villa del Parque', '1183343899', 'paulagómez@gmail.com', 'pau95gom'),
('33502983', 'Cecilia', 'Matías', 'Romero', NULL, '1974-11-10', 'F', 'Gavilán', '1968', '1419', 'Villa Devoto', '1124813440', 'ceciliaromero@gmail.com', 'cec35rom'),
('44932353', 'Ramiro', NULL, 'Martínez', NULL, '1987-02-01', 'M', 'Nazca', '3155', '1417', 'Monte Castro', '1597847049', 'ramiromartínez@gmail.com', 'ram63mar'),
('44041417', 'Paula', 'Patricia', 'Pérez', 'López', '1959-05-21', 'F', 'Gavilán', '4859', '1405', 'Vélez Sarsfield', '1566573203', 'paulapérez@gmail.com', 'pau17per'),
('49198801', 'Gonzalo', NULL, 'Romero', 'Martínez', '1990-09-04', 'M', 'Gavilán', '3355', '1407', 'Villa Devoto', '1172061115', 'gonzaloromero@gmail.com', 'gon90rom'),
('33056774', 'Gonzalo', NULL, 'López', 'Romero', '1954-01-05', 'M', 'Nazca', '4722', '1417', 'Villa del Parque', '1168695236', 'gonzalolópez@gmail.com', 'gon26lóp'),
('20495312', 'Federico', NULL, 'Rodríguez', 'Romero', '1981-06-23', 'M', 'Gavilán', '4968', '1417', 'Villa del Parque', '1574555777', 'federicorodríguez@gmail.com', 'fed10rod'),
('24333580', 'Romina', NULL, 'Sánchez', 'Álvarez', '1968-04-12', 'F', 'Lope de Vega', '2298', '1407', 'Villa del Parque', '1582944599', 'rominasánchez@gmail.com', 'rom68san'),
('39319828', 'Vanesa', NULL, 'Gómez', 'Gómez', '1957-08-28', 'F', 'Bufano', '2028', '1419', 'Villa Devoto', '1583162484', 'vanesagómez@gmail.com', 'van51gom'),
('34221207', 'Carlos', 'Carla', 'Romero', NULL, '1986-11-26', 'M', 'Juan B Justo', '3759', '1407', 'Villa Devoto', '1173031183', 'carlosromero@gmail.com', 'car34rom'),
('46651101', 'Carlos', NULL, 'Álvarez', 'Fernández', '2004-07-22', 'M', 'Lope de Vega', '2786', '1419', 'Villa Devoto', '1127925151', 'carlosálvarez@gmail.com', 'car25alv'),
('24735397', 'Matías', NULL, 'Pérez', NULL, '1960-01-30', 'M', 'Segurola', '4395', '1405', 'Vélez Sarsfield', '1592134970', 'matíaspérez@gmail.com', 'mat81per');

INSERT INTO Oficinas (calleOf, altOf, cpOf, locOf, telOf, emailOf, piso, sec2) VALUES
('Acoyte', '465', '1517', 'Caballito', '15 6793 1118', 'oficina1@gmail.com', '5', 1),
('Junín', '1479', '1790', 'Recoleta', '11 9715 6230', 'oficina2@gmail.com', '6', 3),
('Del Barco Centenera', '2969', '1212', 'Pompeya', '11 0213 6669', 'oficina3@hotmail.es', '7', 3),
('Avenida Salvador María del Carril', '4230', '1417', 'Devoto', '15 4071 6472', 'oficina4@hotmail.com', '2', 2),
('Directorio', '2780', '1100', 'Flores', '15 3498 0426', 'oficina5@gmail.com', '10', 2),
('Miller', '2880', '1635', 'Villa Urquiza', '15 3012 3059', 'oficina6@hotmail.com', '3', 1),
('Tonelero', '6054', '1409', 'Liniers', '11 1951 2188', 'oficina7@hotmail.com', '2', 2),
('Tucumán', '1353', '1049', 'San Nicolás', '11 4589 1133', 'oficina8@hotmail.com', '1', 4),
('Av. Belgrano', '2435', '1096', 'Balvanera', '11 4029 3312', 'oficina9@gmail.com', '2', 4),
('Rodríguez Peña', '1234', '1020', 'Recoleta', '11 5010 8120', 'oficina10@gmail.com', '3', 5),
('Av. Paseo Colón', '291', '1063', 'Monserrat', '11 4307 2020', 'oficina11@hotmail.com', '3', 6),
('Bacacay', '4872', '1407', 'Vélez Sarfield', '11 4890 6633', 'oficina12@gmail.com', '4', 6),
('Sarachaga', '4227', '1419', 'Floresta', '11 4432 8810', 'oficina13@hotmail.com', '5', 6),
('Lavalle', '1220', '1058', 'San Nicolás', '11 4379 5600', 'oficina14@hotmail.com', '4', 7),
('Av. Rivadavia', '3577', '1204', 'Almagro', '11 4983 7788', 'oficina15@gmail.com', '6', 8),
('Montevideo', '950', '1019', 'Recoleta', '11 4803 2580', 'oficina16@hotmail.com', '5', 9),
('Habana', '4354', '1022', 'Devoto', '11 4712 5566', 'oficina17@gmail.com', '3', 9),
('Av. Díaz Vélez', '5311', '1405', 'Caballito', '11 4632 0704', 'oficina18@hotmail.com', '2', 10),
('Yerbal', '1284', '1405', 'Flores', '11 5231 4210', 'oficina19@gmail.com', '1', 10);

INSERT INTO Empleados (dniEmp, nomEmp, nomEmp2, apeEmp, apeEmp2, fecNacEmp, fecAlta, fecBaja, ofi, cargo, emailEmp, telEmp, contEmp) VALUES
('30122901', 'Martín', NULL, 'Sosa', NULL, '1992-05-11', '2023-03-18', NULL, 3, 'Atención', 'martinsosa@gmail.com', '11 5897 2201', 'martin1234'),
('20931884', 'Liliana', 'Beatriz', 'Fernández', NULL, '1987-11-03', '2021-06-15', '2023-01-12', 4, 'Gestión', 'lilibefer@hotmail.com', '11 6420 8811', 'bea87'),
('33400721', 'Gabriel', NULL, 'Velasco', 'Paz', '1995-01-27', '2024-01-04', NULL, 2, 'Recepción', 'gabriel.vp@gmail.com', '15 3300 4412', 'velascogab'),
('32719630', 'Sofía', NULL, 'Romero', NULL, '1993-07-09', '2022-09-20', '2024-05-10', 6, 'Gestión', 'sofiaromero@hotmail.com', '11 2949 1166', 'sof93rom'),
('11049328', 'Carlos', 'Esteban', 'Rey', 'Rey', '1980-03-16', '2023-11-01', NULL, 1, 'Recepción', 'carlesrey@gmail.com', '15 7766 0023', 'car1234'),
('41448992', 'Paula', NULL, 'Díaz', NULL, '1991-10-12', '2022-02-10', '2024-01-30', 3, 'Gestión', 'paudiaz@hotmail.com', '11 4412 0055', 'pdiaz456'),
('13321106', 'Mauro', NULL, 'Gómez', 'Vega', '1985-08-30', '2024-05-05', NULL, 2, 'Recepción', 'maurogv@gmail.com', '15 6340 7788', 'mauro1985'),
('24889632', 'Claudia', NULL, 'Ramírez', NULL, '1978-06-21', '2023-08-08', '2024-12-15', 4, 'Atención', 'claudira@hotmail.com', '11 9022 6654', 'claudia78'),
('22144907', 'Bruno', NULL, 'Quiroga', NULL, '1999-02-18', '2024-04-01', NULL, 6, 'Atención', 'bquiroga@gmail.com', '15 8011 5543', 'bruno1999'),
('34411896', 'Valeria', 'Inés', 'González', NULL, '1974-09-23', '2021-10-14', '2023-10-14', 5, 'Recepción', 'valegonza@gmail.com', '11 3730 1922', 'valeria74'),
('33800618', 'Lucas', NULL, 'Castro', NULL, '1989-12-07', '2020-03-03', NULL, 7, 'Gestión', 'lucastro@gmail.com', '15 6623 1204', 'lucas89'),
('35472100', 'Camila', NULL, 'Leiva', NULL, '1997-04-17', '2023-06-06', NULL, 2, 'Recepción', 'camileiva@gmail.com', '11 3111 0007', 'camila97'),
('41922076', 'Nicolás', 'Andrés', 'Cáceres', NULL, '1982-10-19', '2023-02-14', '2024-11-11', 6, 'Gestión', 'nicoacaceres@hotmail.com', '15 8844 4488', 'nico82'),
('24611890', 'Luciana', NULL, 'Gómez', NULL, '1990-01-03', '2024-07-02', NULL, 3, 'Atención', 'lucigomez@gmail.com', '11 2766 5511', 'luciana90'),
('32891330', 'Iván', NULL, 'Aguirre', NULL, '1988-05-25', '2022-05-20', '2024-08-30', 1, 'Recepción', 'ivanaguirre@gmail.com', '15 3020 7993', 'ivan1988'),
('38371461', 'Paula', NULL, 'Gómez', NULL, '1978-04-08', '2025-01-01', NULL, 8, 'Gestión', 'paulagómez@gmail.com', '15 3461 4526', 'paula78'),
('42919614', 'Federico', NULL, 'García', NULL, '1991-11-01', '2024-05-17', NULL, 8, 'Atención', 'federicogarcía@gmail.com', '15 6906 5276', 'fede91'),
('26489157', 'Paula', 'Lara', 'Pérez', NULL, '1980-09-27', '2023-03-03', NULL, 9, 'Recepción', 'paulapérez@gmail.com', '15 8677 3609', 'paula80'),
('43947802', 'Matías', 'Joaquín', 'Sánchez', NULL, '1982-06-09', '2023-08-31', NULL, 9, 'Recepción', 'matíassánchez@gmail.com', '11 7392 7598', 'matias82'),
('30681076', 'Ramiro', NULL, 'López', 'Gonzalez', '1998-05-17', '2023-07-01', NULL, 10, 'Recepción', 'ramirolópez@gmail.com', '15 7708 9339', 'ramiro98'),
('26207044', 'Julián', NULL, 'Rodríguez', NULL, '1985-05-17', '2024-03-12', NULL, 10, 'Atención', 'juliánrodríguez@gmail.com', '15 3768 7409', 'julian85'),
('38947716', 'Franco', NULL, 'Romero', NULL, '1996-10-24', '2024-01-04', NULL, 11, 'Gestión', 'francoromero@gmail.com', '11 4523 4304', 'franco96'),
('41079664', 'Carlos', NULL, 'Fernández', 'Quispe', '1975-09-18', '2023-05-10', NULL, 11, 'Recepción', 'carlosfernández@gmail.com', '15 4942 8609', 'carlos75'),
('39568855', 'Matías', NULL, 'Álvarez', 'Borro', '1992-08-03', '2024-11-15', NULL, 11, 'Atención', 'matíasálvarez@gmail.com', '11 3308 7212', 'matias92'),
('40316074', 'Natalia', NULL, 'Martínez', NULL, '1988-12-25', '2023-10-29', NULL, 12, 'Gestión', 'nataliamartínez@gmail.com', '11 6579 5883', 'natalia88'),
('26759764', 'Patricia', NULL, 'Fernández', NULL, '1994-03-01', '2024-01-19', NULL, 12, 'Recepción', 'patriciafernández@gmail.com', '11 9254 3152', 'patri94'),
('44818466', 'Paula', NULL, 'Sánchez', NULL, '1981-12-10', '2023-05-11', NULL, 12, 'Recepción', 'paulasánchez@gmail.com', '11 5917 8147', 'paula81'),
('49086726', 'Patricia', 'Ana', 'Pérez', NULL, '1992-09-06', '2024-02-06', NULL, 13, 'Atención', 'patriciapérez@gmail.com', '15 5155 2274', 'patri92'),
('35487100', 'Verónica', 'Lucía', 'Álvarez', NULL, '1983-07-16', '2023-09-19', NULL, 13, 'Atención', 'verónicaálvarez@gmail.com', '11 2676 5378', 'vero83'),
('33481407', 'Marina', NULL, 'Romero', 'Espinosa', '1995-11-21', '2023-06-26', NULL, 14, 'Recepción', 'marinaromero@gmail.com', '15 3178 2128', 'marina95'),
('29594786', 'Gonzalo', NULL, 'Romero', NULL, '1998-04-16', '2024-08-22', NULL, 14, 'Gestión', 'gonzaloromero@gmail.com', '15 4048 3914', 'gonza98'),
('39901196', 'Marina', NULL, 'López', NULL, '1981-01-31', '2023-04-04', NULL, 15, 'Recepción', 'marinalópez@gmail.com', '11 5920 4929', 'marina81'),
('36316302', 'Paula', NULL, 'Rodríguez', 'Guillen', '1983-01-05', '2023-08-15', NULL, 15, 'Gestión', 'paularodríguez@gmail.com', '15 4927 7156', 'paula83'),
('25416829', 'Julián', 'Manuel', 'Gómez', NULL, '1991-10-16', '2024-06-05', NULL, 16, 'Recepción', 'juliángómez@gmail.com', '15 7834 4148', 'julian91'),
('34233193', 'Verónica', NULL, 'Gómez', 'López', '1992-02-15', '2023-10-08', NULL, 16, 'Recepción', 'verónicagómez@gmail.com', '15 2085 5923', 'vero92'),
('27414012', 'Ezequiel', NULL, 'López', NULL, '1983-09-20', '2023-05-01', NULL, 16, 'Recepción', 'ezequiellópez@gmail.com', '11 5875 1659', 'eze83'),
('26717444', 'Ramiro', NULL, 'López', NULL, '1975-05-28', '2024-07-23', NULL, 17, 'Gestión', 'ramirolópezz@gmail.com', '11 9453 5507', 'ramiro75'),
('26654410', 'Carla', 'Marizza', 'Pérez', NULL, '1981-07-05', '2023-10-14', NULL, 17, 'Gestión', 'carlapérez@gmail.com', '11 3864 2778', 'carla81'),
('30945871', 'Federico', NULL, 'Pérez', 'Rondoletti', '1990-06-22', '2023-02-05', NULL, 18, 'Recepción', 'federicopérez@gmail.com', '15 2971 1547', 'fede90'),
('32888256', 'Patricia', 'Alejandra', 'Rodríguez', NULL, '1990-07-06', '2023-09-03', NULL, 18, 'Recepción', 'patriciarodríguez@gmail.com', '11 4511 4908', 'patri90'),
('46689699', 'Paula', 'Marta', 'López', NULL, '1973-08-28', '2023-07-16', NULL, 19, 'Atención', 'paulalópez@gmail.com', '11 5505 8853', 'paula73'),
('45290534', 'Ramiro', NULL, 'Sánchez', NULL, '1988-12-16', '2023-03-27', NULL, 19, 'Gestión', 'ramirosánchez@gmail.com', '11 7161 5586', 'ramiro88');

INSERT INTO Requisitos (campo, tipo2) VALUES
('Nombre del bebé', 1),
('Apellido del bebé', 1),
('Fecha de nacimiento', 1),
('DNI del padre', 1),
('DNI de la madre', 1),
('Nombre del solicitante', 2),
('DNI del solicitante', 2),
('Nombre del cónyuge', 2),
('DNI del cónyuge', 2),
('Fecha del matrimonio', 2),
('Nombre del solicitante', 3),
('DNI del solicitante', 3),
('Nombre del ex cónyuge', 3),
('DNI del ex cónyuge', 3),
('Fecha del divorcio', 3),
('Nombre del fallecido', 4),
('DNI del fallecido', 4),
('Fecha de fallecimiento', 4),
('Lugar del fallecimiento', 4),
('Nombre completo', 5),
('DNI anterior', 5),
('Motivo de solicitud', 5),
('Foto actualizada', 5),
('Nombre completo', 6),
('DNI', 6),
('Nuevo domicilio', 6),
('Comprobante de domicilio', 6),
('DNI del vendedor', 7),
('DNI del comprador', 7),
('Título del vehículo', 7),
('Formulario 08', 7),
('DNI del solicitante', 8),
('Patente del vehículo', 8),
('DNI del solicitante', 9),
('Patente del vehículo', 9),
('DNI del solicitante', 10),
('Patente del vehículo', 10),
('DNI del comprador', 11),
('DNI del vendedor', 11),
('Escritura anterior', 11),
('Comprobante de pago', 11),
('DNI del solicitante', 12),
('Domicilio de la propiedad', 12),
('Número de catastro', 12),
('DNI del titular', 13),
('Dirección de la propiedad', 13),
('DNI del solicitante', 14),
('Patente del vehículo', 14),
('DNI del solicitante', 15),
('Patente del vehículo', 15),
('Nombre completo', 16),
('DNI del solicitante', 16),
('Motivo de solicitud', 16),
('Nombre completo', 17),
('DNI del solicitante', 17),
('Documento de respaldo', 17),
('Nombre del testador', 18),
('DNI del testador', 18),
('Fecha del testamento', 18),
('Nombre del solicitante', 19),
('DNI', 19),
('Número de testamento', 19),
('Nombre de la sociedad', 20),
('CUIT', 20),
('Fecha de constitución', 20),
('Nombre de la sociedad', 21),
('CUIT', 21),
('Documento de modificación', 21),
('Nombre del fideicomiso', 22),
('CUIT', 22),
('Contrato firmado', 22),
('Nombre de la sociedad', 23),
('CUIT', 23),
('Balance firmado', 23),
('Nombre del aspirante', 24),
('DNI', 24),
('Motivo de adopción', 24),
('Nombre del menor', 25),
('Edad del menor', 25),
('Nombre del tutor', 25),
('Nombre del adoptante', 26),
('Nombre del adoptado', 26),
('Resolución judicial', 26),
('Nombre de la institución', 27),
('Dirección', 27),
('Plan educativo', 27),
('Nombre de la institución', 28),
('CUIT', 28),
('Nuevo dato', 28),
('Nombre de la institución', 29),
('CUIT', 29),
('Motivo de baja', 29),
('Nombre del graduado', 30),
('DNI', 30),
('Título obtenido', 30),
('Nombre del solicitante', 31),
('DNI', 31),
('Título extranjero', 31),
('Nombre del solicitante', 32),
('DNI', 32),
('Motivo de duplicado', 32),
('Nombre del solicitante', 33),
('DNI', 33),
('Motivo de tenencia', 33),
('Nombre del solicitante', 34),
('DNI', 34),
('Permiso anterior', 34),
('Nombre del nuevo titular', 35),
('Nombre del antiguo titular', 35),
('DNI de ambos', 35),
('Nombre del solicitante', 36),
('DNI', 36),
('Número de arma', 36);


INSERT INTO Tramites (tipo, cli, emp, ofi2, fecha, est) VALUES
(1, '30554187', '24889632', 9, '2025-06-13', 'Pendiente'),
(2, '37844622', '13321106', 9, '2025-05-20', 'Pendiente'),
(8, '37844622', '35472100', 5, '2025-06-29', 'En proceso'),
(16, '42011479', '35472100', 9, '2025-06-26', 'En proceso'),
(7, '44477928', '33400721', 6, '2025-07-09', 'Pendiente'),
(20, '37844622', '41448992', 5, '2025-05-17', 'Pendiente'),
(26, '38844212', '33400721', 3, '2025-06-12', 'En proceso'),
(30, '32688405', '33800618', 2, '2025-06-28', 'En proceso'),
(35, '41755844', '11049328', 3, '2025-06-14', 'Finalizado'),
(11, '41755844', '11049328', 7, '2025-06-23', 'Pendiente');

INSERT INTO Respuestas (tra, campo, resp) VALUES
(1, 1, 'Martina'),
(1, 2, 'López'),
(1, 3, '2024-01-15'),
(1, 4, '20345678'),
(1, 5, '21345678'),
(2, 6, 'Alejandro Gómez'),
(2, 7, '20444555'),
(2, 8, 'Lucía Pérez'),
(2, 9, '22345678'),
(2, 10, '2022-09-12'),
(3, 32, '23456789'),
(3, 33, 'FNY764'),
(4, 51, 'María Fernández'),
(4, 52, '20777333'),
(4, 53, 'Solicitud de antecedentes penales para empleo'),
(5, 28, '20444555'),
(5, 29, '23456789'),
(5, 30, 'titulo.pdf'),
(5, 31, 'f08.pdf'),
(6, 63, 'Comercial XYZ SRL'),
(6, 64, '30-71589977-2'),
(6, 65, '2021-04-20'),
(7, 81, 'Marcela Sosa'),
(7, 82, 'Bautista García'),
(7, 83, 'Resolución 2024/45'),
(8, 93, 'Camila Duarte'),
(8, 94, '42112233'),
(8, 95, 'Profesorado y Licenciatura en Informática'),
(9, 108, 'Pedro López'),
(9, 109, 'Juan Vega'),
(9, 110, '22994433'),
(10, 38, '22334455'),
(10, 39, '33445566'),
(10, 40, 'escritura.pdf'),
(10, 41, 'comprobante.jpg');